{"cameraMode":{"drawMode":0,"name":"Shaded","section":"Shading Mode"},"sceneLighting":true,"audioPlay":false,"sceneViewState":{"showFog":true,"showMaterialUpdate":false,"showSkybox":true,"showFlares":true,"showImageEffects":true,"showParticleSystems":true},"in2DMode":false,"pivot":{"x":-2.972757339477539,"y":3.2148513793945314,"z":10.873368263244629},"rotation":{"x":0.3125392496585846,"y":-0.4483126699924469,"z":0.17090146243572236,"w":0.8198405504226685},"size":60.85792541503906,"orthographic":false}