{"cameraMode":{"drawMode":0,"name":"Shaded","section":"Shading Mode"},"sceneLighting":true,"audioPlay":false,"sceneViewState":{"showFog":true,"showMaterialUpdate":false,"showSkybox":true,"showFlares":true,"showImageEffects":true,"showParticleSystems":true},"in2DMode":false,"pivot":{"x":1253.6910400390625,"y":2.2355024814605715,"z":6.694735527038574},"rotation":{"x":0.6197286248207092,"y":0.0011773090809583665,"z":-0.000929617730434984,"w":0.7848146557807922},"size":203.75559997558595,"orthographic":false}