{"cameraMode":{"drawMode":0,"name":"Shaded","section":"Shading Mode"},"sceneLighting":true,"audioPlay":false,"sceneViewState":{"showFog":true,"showMaterialUpdate":false,"showSkybox":true,"showFlares":true,"showImageEffects":true,"showParticleSystems":true},"in2DMode":false,"pivot":{"x":479.2306823730469,"y":312.6887512207031,"z":-180.80613708496095},"rotation":{"x":0.5504301190376282,"y":0.006261561997234821,"z":-0.004128319676965475,"w":0.8348473906517029},"size":401.9161071777344,"orthographic":false}